protocol_name_raw,source,audit_firm_raw,audit_score,audit_date,evidence_url,notes,__srcfile
sentiment,sherlock,Sherlock,,2022-08-15T00:00:00Z,https://github.com/sherlock-audit/2022-08-sentiment,repo=2022-08-sentiment,audit_events_sherlock.csv
sentiment,sherlock,Sherlock,,2022-08-15T00:00:00Z,https://github.com/sherlock-audit/2022-08-sentiment-judging,repo=2022-08-sentiment-judging,audit_events_sherlock.csv
notional,sherlock,Sherlock,,2022-09-15T00:00:00Z,https://github.com/sherlock-audit/2022-09-notional,repo=2022-09-notional,audit_events_sherlock.csv
sherlock,sherlock,Sherlock,,2022-09-15T00:00:00Z,https://github.com/sherlock-audit/2022-09-sherlock,repo=2022-09-sherlock,audit_events_sherlock.csv
notional,sherlock,Sherlock,,2022-09-15T00:00:00Z,https://github.com/sherlock-audit/2022-09-notional-judging,repo=2022-09-notional-judging,audit_events_sherlock.csv
harpie,sherlock,Sherlock,,2022-09-15T00:00:00Z,https://github.com/sherlock-audit/2022-09-harpie-judging,repo=2022-09-harpie-judging,audit_events_sherlock.csv
knox,sherlock,Sherlock,,2022-09-15T00:00:00Z,https://github.com/sherlock-audit/2022-09-knox,repo=2022-09-knox,audit_events_sherlock.csv
knox,sherlock,Sherlock,,2022-09-15T00:00:00Z,https://github.com/sherlock-audit/2022-09-knox-judging,repo=2022-09-knox-judging,audit_events_sherlock.csv
sherlock,sherlock,Sherlock,,2022-09-15T00:00:00Z,https://github.com/sherlock-audit/2022-09-sherlock-judging,repo=2022-09-sherlock-judging,audit_events_sherlock.csv
gmx,sherlock,Sherlock,,2023-02-15T00:00:00Z,https://github.com/sherlock-audit/2023-02-gmx,repo=2023-02-gmx,audit_events_sherlock.csv
gmx,sherlock,Sherlock,,2023-02-15T00:00:00Z,https://github.com/sherlock-audit/2023-02-gmx-judging,repo=2023-02-gmx-judging,audit_events_sherlock.csv
mycelium,sherlock,Sherlock,,2022-10-15T00:00:00Z,https://github.com/sherlock-audit/2022-10-mycelium,repo=2022-10-mycelium,audit_events_sherlock.csv
mycelium,sherlock,Sherlock,,2022-10-15T00:00:00Z,https://github.com/sherlock-audit/2022-10-mycelium-judging,repo=2022-10-mycelium-judging,audit_events_sherlock.csv
astaria,sherlock,Sherlock,,2022-10-15T00:00:00Z,https://github.com/sherlock-audit/2022-10-astaria,repo=2022-10-astaria,audit_events_sherlock.csv
merit-circle,sherlock,Sherlock,,2022-10-15T00:00:00Z,https://github.com/sherlock-audit/2022-10-merit-circle,repo=2022-10-merit-circle,audit_events_sherlock.csv
float-capital,sherlock,Sherlock,,2022-11-15T00:00:00Z,https://github.com/sherlock-audit/2022-11-float-capital,repo=2022-11-float-capital,audit_events_sherlock.csv
union-finance,sherlock,Sherlock,,2022-10-15T00:00:00Z,https://github.com/sherlock-audit/2022-10-union-finance,repo=2022-10-union-finance,audit_events_sherlock.csv
mover,sherlock,Sherlock,,2022-10-15T00:00:00Z,https://github.com/sherlock-audit/2022-10-mover,repo=2022-10-mover,audit_events_sherlock.csv
ajna,sherlock,Sherlock,,2023-01-15T00:00:00Z,https://github.com/sherlock-audit/2023-01-ajna,repo=2023-01-ajna,audit_events_sherlock.csv
mover,sherlock,Sherlock,,2022-10-15T00:00:00Z,https://github.com/sherlock-audit/2022-10-mover-judging,repo=2022-10-mover-judging,audit_events_sherlock.csv
illuminate,sherlock,Sherlock,,2022-10-15T00:00:00Z,https://github.com/sherlock-audit/2022-10-illuminate,repo=2022-10-illuminate,audit_events_sherlock.csv
merit-circle,sherlock,Sherlock,,2022-10-15T00:00:00Z,https://github.com/sherlock-audit/2022-10-merit-circle-judging,repo=2022-10-merit-circle-judging,audit_events_sherlock.csv
illuminate,sherlock,Sherlock,,2022-10-15T00:00:00Z,https://github.com/sherlock-audit/2022-10-illuminate-judging,repo=2022-10-illuminate-judging,audit_events_sherlock.csv
derby,sherlock,Sherlock,,2023-01-15T00:00:00Z,https://github.com/sherlock-audit/2023-01-derby,repo=2023-01-derby,audit_events_sherlock.csv
derby,sherlock,Sherlock,,2023-01-15T00:00:00Z,https://github.com/sherlock-audit/2023-01-derby-judging,repo=2023-01-derby-judging,audit_events_sherlock.csv
nftport,sherlock,Sherlock,,2022-10-15T00:00:00Z,https://github.com/sherlock-audit/2022-10-nftport,repo=2022-10-nftport,audit_events_sherlock.csv
nftport,sherlock,Sherlock,,2022-10-15T00:00:00Z,https://github.com/sherlock-audit/2022-10-nftport-judging,repo=2022-10-nftport-judging,audit_events_sherlock.csv
float-capital,sherlock,Sherlock,,2022-11-15T00:00:00Z,https://github.com/sherlock-audit/2022-11-float-capital-judging,repo=2022-11-float-capital-judging,audit_events_sherlock.csv
rage-trade,sherlock,Sherlock,,2022-10-15T00:00:00Z,https://github.com/sherlock-audit/2022-10-rage-trade,repo=2022-10-rage-trade,audit_events_sherlock.csv
rage-trade,sherlock,Sherlock,,2022-10-15T00:00:00Z,https://github.com/sherlock-audit/2022-10-rage-trade-judging,repo=2022-10-rage-trade-judging,audit_events_sherlock.csv
sense,sherlock,Sherlock,,2022-11-15T00:00:00Z,https://github.com/sherlock-audit/2022-11-sense,repo=2022-11-sense,audit_events_sherlock.csv
sentiment,sherlock,Sherlock,,2022-11-15T00:00:00Z,https://github.com/sherlock-audit/2022-11-sentiment,repo=2022-11-sentiment,audit_events_sherlock.csv
sentiment,sherlock,Sherlock,,2022-11-15T00:00:00Z,https://github.com/sherlock-audit/2022-11-sentiment-judging,repo=2022-11-sentiment-judging,audit_events_sherlock.csv
frankendao,sherlock,Sherlock,,2022-11-15T00:00:00Z,https://github.com/sherlock-audit/2022-11-frankendao,repo=2022-11-frankendao,audit_events_sherlock.csv
frankendao,sherlock,Sherlock,,2022-11-15T00:00:00Z,https://github.com/sherlock-audit/2022-11-frankendao-judging,repo=2022-11-frankendao-judging,audit_events_sherlock.csv
sense,sherlock,Sherlock,,2022-11-15T00:00:00Z,https://github.com/sherlock-audit/2022-11-sense-judging,repo=2022-11-sense-judging,audit_events_sherlock.csv
bond,sherlock,Sherlock,,2022-11-15T00:00:00Z,https://github.com/sherlock-audit/2022-11-bond,repo=2022-11-bond,audit_events_sherlock.csv
union-finance,sherlock,Sherlock,,2022-10-15T00:00:00Z,https://github.com/sherlock-audit/2022-10-union-finance-judging,repo=2022-10-union-finance-judging,audit_events_sherlock.csv
isomorph,sherlock,Sherlock,,2022-11-15T00:00:00Z,https://github.com/sherlock-audit/2022-11-isomorph,repo=2022-11-isomorph,audit_events_sherlock.csv
dodo,sherlock,Sherlock,,2022-11-15T00:00:00Z,https://github.com/sherlock-audit/2022-11-dodo,repo=2022-11-dodo,audit_events_sherlock.csv
bond,sherlock,Sherlock,,2022-11-15T00:00:00Z,https://github.com/sherlock-audit/2022-11-bond-judging,repo=2022-11-bond-judging,audit_events_sherlock.csv
dodo,sherlock,Sherlock,,2022-11-15T00:00:00Z,https://github.com/sherlock-audit/2022-11-dodo-judging,repo=2022-11-dodo-judging,audit_events_sherlock.csv
isomorph,sherlock,Sherlock,,2022-11-15T00:00:00Z,https://github.com/sherlock-audit/2022-11-isomorph-judging,repo=2022-11-isomorph-judging,audit_events_sherlock.csv
bullvbear,sherlock,Sherlock,,2022-11-15T00:00:00Z,https://github.com/sherlock-audit/2022-11-bullvbear,repo=2022-11-bullvbear,audit_events_sherlock.csv
bullvbear,sherlock,Sherlock,,2022-11-15T00:00:00Z,https://github.com/sherlock-audit/2022-11-bullvbear-judging,repo=2022-11-bullvbear-judging,audit_events_sherlock.csv
astaria,sherlock,Sherlock,,2022-10-15T00:00:00Z,https://github.com/sherlock-audit/2022-10-astaria-judging,repo=2022-10-astaria-judging,audit_events_sherlock.csv
buffer,sherlock,Sherlock,,2022-11-15T00:00:00Z,https://github.com/sherlock-audit/2022-11-buffer,repo=2022-11-buffer,audit_events_sherlock.csv
buffer,sherlock,Sherlock,,2022-11-15T00:00:00Z,https://github.com/sherlock-audit/2022-11-buffer-judging,repo=2022-11-buffer-judging,audit_events_sherlock.csv
telcoin,sherlock,Sherlock,,2022-11-15T00:00:00Z,https://github.com/sherlock-audit/2022-11-telcoin,repo=2022-11-telcoin,audit_events_sherlock.csv
telcoin,sherlock,Sherlock,,2022-11-15T00:00:00Z,https://github.com/sherlock-audit/2022-11-telcoin-judging,repo=2022-11-telcoin-judging,audit_events_sherlock.csv
opyn,sherlock,Sherlock,,2022-11-15T00:00:00Z,https://github.com/sherlock-audit/2022-11-opyn,repo=2022-11-opyn,audit_events_sherlock.csv
opyn,sherlock,Sherlock,,2022-11-15T00:00:00Z,https://github.com/sherlock-audit/2022-11-opyn-judging,repo=2022-11-opyn-judging,audit_events_sherlock.csv
nounsdao,sherlock,Sherlock,,2022-11-15T00:00:00Z,https://github.com/sherlock-audit/2022-11-nounsdao,repo=2022-11-nounsdao,audit_events_sherlock.csv
nounsdao,sherlock,Sherlock,,2022-11-15T00:00:00Z,https://github.com/sherlock-audit/2022-11-nounsdao-judging,repo=2022-11-nounsdao-judging,audit_events_sherlock.csv
sentiment,sherlock,Sherlock,,2022-12-15T00:00:00Z,https://github.com/sherlock-audit/2022-12-sentiment,repo=2022-12-sentiment,audit_events_sherlock.csv
sentiment,sherlock,Sherlock,,2022-12-15T00:00:00Z,https://github.com/sherlock-audit/2022-12-sentiment-judging,repo=2022-12-sentiment-judging,audit_events_sherlock.csv
notional,sherlock,Sherlock,,2022-12-15T00:00:00Z,https://github.com/sherlock-audit/2022-12-notional,repo=2022-12-notional,audit_events_sherlock.csv
mycelium-judging-new,sherlock,Sherlock,,2022-10-15T00:00:00Z,https://github.com/sherlock-audit/2022-10-mycelium-judging-new,repo=2022-10-mycelium-judging-new,audit_events_sherlock.csv
notional,sherlock,Sherlock,,2022-12-15T00:00:00Z,https://github.com/sherlock-audit/2022-12-notional-judging,repo=2022-12-notional-judging,audit_events_sherlock.csv
ajna,sherlock,Sherlock,,2023-01-15T00:00:00Z,https://github.com/sherlock-audit/2023-01-ajna-judging,repo=2023-01-ajna-judging,audit_events_sherlock.csv
uxd,sherlock,Sherlock,,2023-01-15T00:00:00Z,https://github.com/sherlock-audit/2023-01-uxd,repo=2023-01-uxd,audit_events_sherlock.csv
uxd,sherlock,Sherlock,,2023-01-15T00:00:00Z,https://github.com/sherlock-audit/2023-01-uxd-judging,repo=2023-01-uxd-judging,audit_events_sherlock.csv
illuminate,sherlock,Sherlock,,2023-01-15T00:00:00Z,https://github.com/sherlock-audit/2023-01-illuminate,repo=2023-01-illuminate,audit_events_sherlock.csv
illuminate,sherlock,Sherlock,,2023-01-15T00:00:00Z,https://github.com/sherlock-audit/2023-01-illuminate-judging,repo=2023-01-illuminate-judging,audit_events_sherlock.csv
cooler,sherlock,Sherlock,,2023-01-15T00:00:00Z,https://github.com/sherlock-audit/2023-01-cooler,repo=2023-01-cooler,audit_events_sherlock.csv
cooler,sherlock,Sherlock,,2023-01-15T00:00:00Z,https://github.com/sherlock-audit/2023-01-cooler-judging,repo=2023-01-cooler-judging,audit_events_sherlock.csv
sentiment,sherlock,Sherlock,,2023-01-15T00:00:00Z,https://github.com/sherlock-audit/2023-01-sentiment,repo=2023-01-sentiment,audit_events_sherlock.csv
sentiment,sherlock,Sherlock,,2023-01-15T00:00:00Z,https://github.com/sherlock-audit/2023-01-sentiment-judging,repo=2023-01-sentiment-judging,audit_events_sherlock.csv
optimism,sherlock,Sherlock,,2023-01-15T00:00:00Z,https://github.com/sherlock-audit/2023-01-optimism,repo=2023-01-optimism,audit_events_sherlock.csv
optimism,sherlock,Sherlock,,2023-01-15T00:00:00Z,https://github.com/sherlock-audit/2023-01-optimism-judging,repo=2023-01-optimism-judging,audit_events_sherlock.csv
openq,sherlock,Sherlock,,2023-02-15T00:00:00Z,https://github.com/sherlock-audit/2023-02-openq,repo=2023-02-openq,audit_events_sherlock.csv
openq,sherlock,Sherlock,,2023-02-15T00:00:00Z,https://github.com/sherlock-audit/2023-02-openq-judging,repo=2023-02-openq-judging,audit_events_sherlock.csv
carapace,sherlock,Sherlock,,2023-02-15T00:00:00Z,https://github.com/sherlock-audit/2023-02-carapace,repo=2023-02-carapace,audit_events_sherlock.csv
carapace,sherlock,Sherlock,,2023-02-15T00:00:00Z,https://github.com/sherlock-audit/2023-02-carapace-judging,repo=2023-02-carapace-judging,audit_events_sherlock.csv
blueberry,sherlock,Sherlock,,2023-02-15T00:00:00Z,https://github.com/sherlock-audit/2023-02-blueberry,repo=2023-02-blueberry,audit_events_sherlock.csv
blueberry,sherlock,Sherlock,,2023-02-15T00:00:00Z,https://github.com/sherlock-audit/2023-02-blueberry-judging,repo=2023-02-blueberry-judging,audit_events_sherlock.csv
fair-funding,sherlock,Sherlock,,2023-02-15T00:00:00Z,https://github.com/sherlock-audit/2023-02-fair-funding,repo=2023-02-fair-funding,audit_events_sherlock.csv
fair-funding,sherlock,Sherlock,,2023-02-15T00:00:00Z,https://github.com/sherlock-audit/2023-02-fair-funding-judging,repo=2023-02-fair-funding-judging,audit_events_sherlock.csv
union,sherlock,Sherlock,,2023-02-15T00:00:00Z,https://github.com/sherlock-audit/2023-02-union,repo=2023-02-union,audit_events_sherlock.csv
union,sherlock,Sherlock,,2023-02-15T00:00:00Z,https://github.com/sherlock-audit/2023-02-union-judging,repo=2023-02-union-judging,audit_events_sherlock.csv
taurus,sherlock,Sherlock,,2023-03-15T00:00:00Z,https://github.com/sherlock-audit/2023-03-taurus,repo=2023-03-taurus,audit_events_sherlock.csv
taurus,sherlock,Sherlock,,2023-03-15T00:00:00Z,https://github.com/sherlock-audit/2023-03-taurus-judging,repo=2023-03-taurus-judging,audit_events_sherlock.csv
hats,sherlock,Sherlock,,2023-02-15T00:00:00Z,https://github.com/sherlock-audit/2023-02-hats,repo=2023-02-hats,audit_events_sherlock.csv
hats,sherlock,Sherlock,,2023-02-15T00:00:00Z,https://github.com/sherlock-audit/2023-02-hats-judging,repo=2023-02-hats-judging,audit_events_sherlock.csv
telcoin,sherlock,Sherlock,,2023-02-15T00:00:00Z,https://github.com/sherlock-audit/2023-02-telcoin,repo=2023-02-telcoin,audit_events_sherlock.csv
telcoin,sherlock,Sherlock,,2023-02-15T00:00:00Z,https://github.com/sherlock-audit/2023-02-telcoin-judging,repo=2023-02-telcoin-judging,audit_events_sherlock.csv
olympus,sherlock,Sherlock,,2023-02-15T00:00:00Z,https://github.com/sherlock-audit/2023-02-olympus,repo=2023-02-olympus,audit_events_sherlock.csv
surge,sherlock,Sherlock,,2023-02-15T00:00:00Z,https://github.com/sherlock-audit/2023-02-surge,repo=2023-02-surge,audit_events_sherlock.csv
surge,sherlock,Sherlock,,2023-02-15T00:00:00Z,https://github.com/sherlock-audit/2023-02-surge-judging,repo=2023-02-surge-judging,audit_events_sherlock.csv
notional,sherlock,Sherlock,,2023-02-15T00:00:00Z,https://github.com/sherlock-audit/2023-02-notional,repo=2023-02-notional,audit_events_sherlock.csv
notional,sherlock,Sherlock,,2023-02-15T00:00:00Z,https://github.com/sherlock-audit/2023-02-notional-judging,repo=2023-02-notional-judging,audit_events_sherlock.csv
bond,sherlock,Sherlock,,2023-02-15T00:00:00Z,https://github.com/sherlock-audit/2023-02-bond,repo=2023-02-bond,audit_events_sherlock.csv
bond,sherlock,Sherlock,,2023-02-15T00:00:00Z,https://github.com/sherlock-audit/2023-02-bond-judging,repo=2023-02-bond-judging,audit_events_sherlock.csv
kairos,sherlock,Sherlock,,2023-02-15T00:00:00Z,https://github.com/sherlock-audit/2023-02-kairos,repo=2023-02-kairos,audit_events_sherlock.csv
kairos,sherlock,Sherlock,,2023-02-15T00:00:00Z,https://github.com/sherlock-audit/2023-02-kairos-judging,repo=2023-02-kairos-judging,audit_events_sherlock.csv
olympus,sherlock,Sherlock,,2023-02-15T00:00:00Z,https://github.com/sherlock-audit/2023-02-olympus-judging,repo=2023-02-olympus-judging,audit_events_sherlock.csv
y2k,sherlock,Sherlock,,2023-03-15T00:00:00Z,https://github.com/sherlock-audit/2023-03-Y2K,repo=2023-03-Y2K,audit_events_sherlock.csv
y2k,sherlock,Sherlock,,2023-03-15T00:00:00Z,https://github.com/sherlock-audit/2023-03-Y2K-judging,repo=2023-03-Y2K-judging,audit_events_sherlock.csv
sense,sherlock,Sherlock,,2023-03-15T00:00:00Z,https://github.com/sherlock-audit/2023-03-sense,repo=2023-03-sense,audit_events_sherlock.csv
sense,sherlock,Sherlock,,2023-03-15T00:00:00Z,https://github.com/sherlock-audit/2023-03-sense-judging,repo=2023-03-sense-judging,audit_events_sherlock.csv
notional,sherlock,Sherlock,,2023-03-15T00:00:00Z,https://github.com/sherlock-audit/2023-03-notional,repo=2023-03-notional,audit_events_sherlock.csv
notional,sherlock,Sherlock,,2023-03-15T00:00:00Z,https://github.com/sherlock-audit/2023-03-notional-judging,repo=2023-03-notional-judging,audit_events_sherlock.csv
olympus,sherlock,Sherlock,,2023-03-15T00:00:00Z,https://github.com/sherlock-audit/2023-03-olympus,repo=2023-03-olympus,audit_events_sherlock.csv
olympus,sherlock,Sherlock,,2023-03-15T00:00:00Z,https://github.com/sherlock-audit/2023-03-olympus-judging,repo=2023-03-olympus-judging,audit_events_sherlock.csv
gitcoin,sherlock,Sherlock,,2023-03-15T00:00:00Z,https://github.com/sherlock-audit/2023-03-Gitcoin,repo=2023-03-Gitcoin,audit_events_sherlock.csv
gitcoin,sherlock,Sherlock,,2023-03-15T00:00:00Z,https://github.com/sherlock-audit/2023-03-Gitcoin-judging,repo=2023-03-Gitcoin-judging,audit_events_sherlock.csv
teller,sherlock,Sherlock,,2023-03-15T00:00:00Z,https://github.com/sherlock-audit/2023-03-teller,repo=2023-03-teller,audit_events_sherlock.csv
teller,sherlock,Sherlock,,2023-03-15T00:00:00Z,https://github.com/sherlock-audit/2023-03-teller-judging,repo=2023-03-teller-judging,audit_events_sherlock.csv
optimism,sherlock,Sherlock,,2023-03-15T00:00:00Z,https://github.com/sherlock-audit/2023-03-optimism,repo=2023-03-optimism,audit_events_sherlock.csv
optimism,sherlock,Sherlock,,2023-03-15T00:00:00Z,https://github.com/sherlock-audit/2023-03-optimism-judging,repo=2023-03-optimism-judging,audit_events_sherlock.csv
splits,sherlock,Sherlock,,2023-04-15T00:00:00Z,https://github.com/sherlock-audit/2023-04-splits,repo=2023-04-splits,audit_events_sherlock.csv
splits,sherlock,Sherlock,,2023-04-15T00:00:00Z,https://github.com/sherlock-audit/2023-04-splits-judging,repo=2023-04-splits-judging,audit_events_sherlock.csv
blueberry,sherlock,Sherlock,,2023-04-15T00:00:00Z,https://github.com/sherlock-audit/2023-04-blueberry,repo=2023-04-blueberry,audit_events_sherlock.csv
blueberry,sherlock,Sherlock,,2023-04-15T00:00:00Z,https://github.com/sherlock-audit/2023-04-blueberry-judging,repo=2023-04-blueberry-judging,audit_events_sherlock.csv
jojo,sherlock,Sherlock,,2023-04-15T00:00:00Z,https://github.com/sherlock-audit/2023-04-jojo,repo=2023-04-jojo,audit_events_sherlock.csv
jojo,sherlock,Sherlock,,2023-04-15T00:00:00Z,https://github.com/sherlock-audit/2023-04-jojo-judging,repo=2023-04-jojo-judging,audit_events_sherlock.csv
footium,sherlock,Sherlock,,2023-04-15T00:00:00Z,https://github.com/sherlock-audit/2023-04-footium,repo=2023-04-footium,audit_events_sherlock.csv
footium,sherlock,Sherlock,,2023-04-15T00:00:00Z,https://github.com/sherlock-audit/2023-04-footium-judging,repo=2023-04-footium-judging,audit_events_sherlock.csv
hubble-exchange,sherlock,Sherlock,,2023-04-15T00:00:00Z,https://github.com/sherlock-audit/2023-04-hubble-exchange,repo=2023-04-hubble-exchange,audit_events_sherlock.csv
hubble-exchange,sherlock,Sherlock,,2023-04-15T00:00:00Z,https://github.com/sherlock-audit/2023-04-hubble-exchange-judging,repo=2023-04-hubble-exchange-judging,audit_events_sherlock.csv
unitasprotocol,sherlock,Sherlock,,2023-04-15T00:00:00Z,https://github.com/sherlock-audit/2023-04-unitasprotocol,repo=2023-04-unitasprotocol,audit_events_sherlock.csv
unitasprotocol,sherlock,Sherlock,,2023-04-15T00:00:00Z,https://github.com/sherlock-audit/2023-04-unitasprotocol-judging,repo=2023-04-unitasprotocol-judging,audit_events_sherlock.csv
gmx,sherlock,Sherlock,,2023-04-15T00:00:00Z,https://github.com/sherlock-audit/2023-04-gmx,repo=2023-04-gmx,audit_events_sherlock.csv
gmx,sherlock,Sherlock,,2023-04-15T00:00:00Z,https://github.com/sherlock-audit/2023-04-gmx-judging,repo=2023-04-gmx-judging,audit_events_sherlock.csv
ajna,sherlock,Sherlock,,2023-04-15T00:00:00Z,https://github.com/sherlock-audit/2023-04-ajna,repo=2023-04-ajna,audit_events_sherlock.csv
ajna,sherlock,Sherlock,,2023-04-15T00:00:00Z,https://github.com/sherlock-audit/2023-04-ajna-judging,repo=2023-04-ajna-judging,audit_events_sherlock.csv
blueberry,sherlock,Sherlock,,2023-05-15T00:00:00Z,https://github.com/sherlock-audit/2023-05-blueberry,repo=2023-05-blueberry,audit_events_sherlock.csv
blueberry,sherlock,Sherlock,,2023-05-15T00:00:00Z,https://github.com/sherlock-audit/2023-05-blueberry-judging,repo=2023-05-blueberry-judging,audit_events_sherlock.csv
dodo,sherlock,Sherlock,,2023-05-15T00:00:00Z,https://github.com/sherlock-audit/2023-05-dodo,repo=2023-05-dodo,audit_events_sherlock.csv
dodo,sherlock,Sherlock,,2023-05-15T00:00:00Z,https://github.com/sherlock-audit/2023-05-dodo-judging,repo=2023-05-dodo-judging,audit_events_sherlock.csv
perennial,sherlock,Sherlock,,2023-05-15T00:00:00Z,https://github.com/sherlock-audit/2023-05-perennial,repo=2023-05-perennial,audit_events_sherlock.csv
perennial,sherlock,Sherlock,,2023-05-15T00:00:00Z,https://github.com/sherlock-audit/2023-05-perennial-judging,repo=2023-05-perennial-judging,audit_events_sherlock.csv
ecoprotocol,sherlock,Sherlock,,2023-05-15T00:00:00Z,https://github.com/sherlock-audit/2023-05-ecoprotocol,repo=2023-05-ecoprotocol,audit_events_sherlock.csv
ecoprotocol,sherlock,Sherlock,,2023-05-15T00:00:00Z,https://github.com/sherlock-audit/2023-05-ecoprotocol-judging,repo=2023-05-ecoprotocol-judging,audit_events_sherlock.csv
index,sherlock,Sherlock,,2023-05-15T00:00:00Z,https://github.com/sherlock-audit/2023-05-Index,repo=2023-05-Index,audit_events_sherlock.csv
index,sherlock,Sherlock,,2023-05-15T00:00:00Z,https://github.com/sherlock-audit/2023-05-Index-judging,repo=2023-05-Index-judging,audit_events_sherlock.csv
ussd,sherlock,Sherlock,,2023-05-15T00:00:00Z,https://github.com/sherlock-audit/2023-05-USSD,repo=2023-05-USSD,audit_events_sherlock.csv
ussd,sherlock,Sherlock,,2023-05-15T00:00:00Z,https://github.com/sherlock-audit/2023-05-USSD-judging,repo=2023-05-USSD-judging,audit_events_sherlock.csv
ironbank,sherlock,Sherlock,,2023-05-15T00:00:00Z,https://github.com/sherlock-audit/2023-05-ironbank,repo=2023-05-ironbank,audit_events_sherlock.csv
ironbank,sherlock,Sherlock,,2023-05-15T00:00:00Z,https://github.com/sherlock-audit/2023-05-ironbank-judging,repo=2023-05-ironbank-judging,audit_events_sherlock.csv
symmetrical,sherlock,Sherlock,,2023-06-15T00:00:00Z,https://github.com/sherlock-audit/2023-06-symmetrical,repo=2023-06-symmetrical,audit_events_sherlock.csv
symmetrical,sherlock,Sherlock,,2023-06-15T00:00:00Z,https://github.com/sherlock-audit/2023-06-symmetrical-judging,repo=2023-06-symmetrical-judging,audit_events_sherlock.csv
arrakis,sherlock,Sherlock,,2023-06-15T00:00:00Z,https://github.com/sherlock-audit/2023-06-arrakis,repo=2023-06-arrakis,audit_events_sherlock.csv
arrakis,sherlock,Sherlock,,2023-06-15T00:00:00Z,https://github.com/sherlock-audit/2023-06-arrakis-judging,repo=2023-06-arrakis-judging,audit_events_sherlock.csv
real-wagmi,sherlock,Sherlock,,2023-06-15T00:00:00Z,https://github.com/sherlock-audit/2023-06-real-wagmi,repo=2023-06-real-wagmi,audit_events_sherlock.csv
real-wagmi,sherlock,Sherlock,,2023-06-15T00:00:00Z,https://github.com/sherlock-audit/2023-06-real-wagmi-judging,repo=2023-06-real-wagmi-judging,audit_events_sherlock.csv
dodo,sherlock,Sherlock,,2023-06-15T00:00:00Z,https://github.com/sherlock-audit/2023-06-dodo,repo=2023-06-dodo,audit_events_sherlock.csv
dodo,sherlock,Sherlock,,2023-06-15T00:00:00Z,https://github.com/sherlock-audit/2023-06-dodo-judging,repo=2023-06-dodo-judging,audit_events_sherlock.csv
index,sherlock,Sherlock,,2023-06-15T00:00:00Z,https://github.com/sherlock-audit/2023-06-Index,repo=2023-06-Index,audit_events_sherlock.csv
index,sherlock,Sherlock,,2023-06-15T00:00:00Z,https://github.com/sherlock-audit/2023-06-Index-judging,repo=2023-06-Index-judging,audit_events_sherlock.csv
unstoppable,sherlock,Sherlock,,2023-06-15T00:00:00Z,https://github.com/sherlock-audit/2023-06-unstoppable,repo=2023-06-unstoppable,audit_events_sherlock.csv
unstoppable,sherlock,Sherlock,,2023-06-15T00:00:00Z,https://github.com/sherlock-audit/2023-06-unstoppable-judging,repo=2023-06-unstoppable-judging,audit_events_sherlock.csv
gfx,sherlock,Sherlock,,2023-06-15T00:00:00Z,https://github.com/sherlock-audit/2023-06-gfx,repo=2023-06-gfx,audit_events_sherlock.csv
gfx,sherlock,Sherlock,,2023-06-15T00:00:00Z,https://github.com/sherlock-audit/2023-06-gfx-judging,repo=2023-06-gfx-judging,audit_events_sherlock.csv
dinari,sherlock,Sherlock,,2023-06-15T00:00:00Z,https://github.com/sherlock-audit/2023-06-dinari,repo=2023-06-dinari,audit_events_sherlock.csv
dinari,sherlock,Sherlock,,2023-06-15T00:00:00Z,https://github.com/sherlock-audit/2023-06-dinari-judging,repo=2023-06-dinari-judging,audit_events_sherlock.csv
bond,sherlock,Sherlock,,2023-06-15T00:00:00Z,https://github.com/sherlock-audit/2023-06-bond,repo=2023-06-bond,audit_events_sherlock.csv
bond,sherlock,Sherlock,,2023-06-15T00:00:00Z,https://github.com/sherlock-audit/2023-06-bond-judging,repo=2023-06-bond-judging,audit_events_sherlock.csv
tokensoft,sherlock,Sherlock,,2023-06-15T00:00:00Z,https://github.com/sherlock-audit/2023-06-tokensoft,repo=2023-06-tokensoft,audit_events_sherlock.csv
tokensoft,sherlock,Sherlock,,2023-06-15T00:00:00Z,https://github.com/sherlock-audit/2023-06-tokensoft-judging,repo=2023-06-tokensoft-judging,audit_events_sherlock.csv
tokemak,sherlock,Sherlock,,2023-06-15T00:00:00Z,https://github.com/sherlock-audit/2023-06-tokemak,repo=2023-06-tokemak,audit_events_sherlock.csv
tokemak,sherlock,Sherlock,,2023-06-15T00:00:00Z,https://github.com/sherlock-audit/2023-06-tokemak-judging,repo=2023-06-tokemak-judging,audit_events_sherlock.csv
beam-auction,sherlock,Sherlock,,2023-07-15T00:00:00Z,https://github.com/sherlock-audit/2023-07-beam-auction,repo=2023-07-beam-auction,audit_events_sherlock.csv
beam-auction,sherlock,Sherlock,,2023-07-15T00:00:00Z,https://github.com/sherlock-audit/2023-07-beam-auction-judging,repo=2023-07-beam-auction-judging,audit_events_sherlock.csv
kyber-swap,sherlock,Sherlock,,2023-07-15T00:00:00Z,https://github.com/sherlock-audit/2023-07-kyber-swap,repo=2023-07-kyber-swap,audit_events_sherlock.csv
kyber-swap,sherlock,Sherlock,,2023-07-15T00:00:00Z,https://github.com/sherlock-audit/2023-07-kyber-swap-judging,repo=2023-07-kyber-swap-judging,audit_events_sherlock.csv
blueberry,sherlock,Sherlock,,2023-07-15T00:00:00Z,https://github.com/sherlock-audit/2023-07-blueberry,repo=2023-07-blueberry,audit_events_sherlock.csv
blueberry,sherlock,Sherlock,,2023-07-15T00:00:00Z,https://github.com/sherlock-audit/2023-07-blueberry-judging,repo=2023-07-blueberry-judging,audit_events_sherlock.csv
perennial,sherlock,Sherlock,,2023-07-15T00:00:00Z,https://github.com/sherlock-audit/2023-07-perennial,repo=2023-07-perennial,audit_events_sherlock.csv
perennial,sherlock,Sherlock,,2023-07-15T00:00:00Z,https://github.com/sherlock-audit/2023-07-perennial-judging,repo=2023-07-perennial-judging,audit_events_sherlock.csv
cooler,sherlock,Sherlock,,2023-08-15T00:00:00Z,https://github.com/sherlock-audit/2023-08-cooler,repo=2023-08-cooler,audit_events_sherlock.csv
cooler,sherlock,Sherlock,,2023-08-15T00:00:00Z,https://github.com/sherlock-audit/2023-08-cooler-judging,repo=2023-08-cooler-judging,audit_events_sherlock.csv
symmetrical,sherlock,Sherlock,,2023-08-15T00:00:00Z,https://github.com/sherlock-audit/2023-08-symmetrical,repo=2023-08-symmetrical,audit_events_sherlock.csv
symmetrical,sherlock,Sherlock,,2023-08-15T00:00:00Z,https://github.com/sherlock-audit/2023-08-symmetrical-judging,repo=2023-08-symmetrical-judging,audit_events_sherlock.csv
gitcoin,sherlock,Sherlock,,2023-09-15T00:00:00Z,https://github.com/sherlock-audit/2023-09-Gitcoin,repo=2023-09-Gitcoin,audit_events_sherlock.csv
gitcoin,sherlock,Sherlock,,2023-09-15T00:00:00Z,https://github.com/sherlock-audit/2023-09-Gitcoin-judging,repo=2023-09-Gitcoin-judging,audit_events_sherlock.csv
nounsbuilder,sherlock,Sherlock,,2023-09-15T00:00:00Z,https://github.com/sherlock-audit/2023-09-nounsbuilder,repo=2023-09-nounsbuilder,audit_events_sherlock.csv
nounsbuilder,sherlock,Sherlock,,2023-09-15T00:00:00Z,https://github.com/sherlock-audit/2023-09-nounsbuilder-judging,repo=2023-09-nounsbuilder-judging,audit_events_sherlock.csv
perennial,sherlock,Sherlock,,2023-09-15T00:00:00Z,https://github.com/sherlock-audit/2023-09-perennial,repo=2023-09-perennial,audit_events_sherlock.csv
perennial,sherlock,Sherlock,,2023-09-15T00:00:00Z,https://github.com/sherlock-audit/2023-09-perennial-judging,repo=2023-09-perennial-judging,audit_events_sherlock.csv
ajna,sherlock,Sherlock,,2023-09-15T00:00:00Z,https://github.com/sherlock-audit/2023-09-ajna,repo=2023-09-ajna,audit_events_sherlock.csv
ajna,sherlock,Sherlock,,2023-09-15T00:00:00Z,https://github.com/sherlock-audit/2023-09-ajna-judging,repo=2023-09-ajna-judging,audit_events_sherlock.csv
real-wagmi,sherlock,Sherlock,,2023-10-15T00:00:00Z,https://github.com/sherlock-audit/2023-10-real-wagmi,repo=2023-10-real-wagmi,audit_events_sherlock.csv
real-wagmi,sherlock,Sherlock,,2023-10-15T00:00:00Z,https://github.com/sherlock-audit/2023-10-real-wagmi-judging,repo=2023-10-real-wagmi-judging,audit_events_sherlock.csv
notional,sherlock,Sherlock,,2023-10-15T00:00:00Z,https://github.com/sherlock-audit/2023-10-notional,repo=2023-10-notional,audit_events_sherlock.csv
notional,sherlock,Sherlock,,2023-10-15T00:00:00Z,https://github.com/sherlock-audit/2023-10-notional-judging,repo=2023-10-notional-judging,audit_events_sherlock.csv
aloe,sherlock,Sherlock,,2023-10-15T00:00:00Z,https://github.com/sherlock-audit/2023-10-aloe,repo=2023-10-aloe,audit_events_sherlock.csv
aloe,sherlock,Sherlock,,2023-10-15T00:00:00Z,https://github.com/sherlock-audit/2023-10-aloe-judging,repo=2023-10-aloe-judging,audit_events_sherlock.csv
looksrare,sherlock,Sherlock,,2023-10-15T00:00:00Z,https://github.com/sherlock-audit/2023-10-looksrare,repo=2023-10-looksrare,audit_events_sherlock.csv
looksrare,sherlock,Sherlock,,2023-10-15T00:00:00Z,https://github.com/sherlock-audit/2023-10-looksrare-judging,repo=2023-10-looksrare-judging,audit_events_sherlock.csv
perennial,sherlock,Sherlock,,2023-10-15T00:00:00Z,https://github.com/sherlock-audit/2023-10-perennial,repo=2023-10-perennial,audit_events_sherlock.csv
perennial,sherlock,Sherlock,,2023-10-15T00:00:00Z,https://github.com/sherlock-audit/2023-10-perennial-judging,repo=2023-10-perennial-judging,audit_events_sherlock.csv
mzero,sherlock,Sherlock,,2023-10-15T00:00:00Z,https://github.com/sherlock-audit/2023-10-mzero,repo=2023-10-mzero,audit_events_sherlock.csv
mzero,sherlock,Sherlock,,2023-10-15T00:00:00Z,https://github.com/sherlock-audit/2023-10-mzero-judging,repo=2023-10-mzero-judging,audit_events_sherlock.csv
convergence,sherlock,Sherlock,,2023-11-15T00:00:00Z,https://github.com/sherlock-audit/2023-11-convergence,repo=2023-11-convergence,audit_events_sherlock.csv
convergence,sherlock,Sherlock,,2023-11-15T00:00:00Z,https://github.com/sherlock-audit/2023-11-convergence-judging,repo=2023-11-convergence-judging,audit_events_sherlock.csv
covalent,sherlock,Sherlock,,2023-11-15T00:00:00Z,https://github.com/sherlock-audit/2023-11-covalent,repo=2023-11-covalent,audit_events_sherlock.csv
covalent,sherlock,Sherlock,,2023-11-15T00:00:00Z,https://github.com/sherlock-audit/2023-11-covalent-judging,repo=2023-11-covalent-judging,audit_events_sherlock.csv
olympus,sherlock,Sherlock,,2023-11-15T00:00:00Z,https://github.com/sherlock-audit/2023-11-olympus,repo=2023-11-olympus,audit_events_sherlock.csv
olympus,sherlock,Sherlock,,2023-11-15T00:00:00Z,https://github.com/sherlock-audit/2023-11-olympus-judging,repo=2023-11-olympus-judging,audit_events_sherlock.csv
dodo,sherlock,Sherlock,,2023-12-15T00:00:00Z,https://github.com/sherlock-audit/2023-12-dodo,repo=2023-12-dodo,audit_events_sherlock.csv
dodo,sherlock,Sherlock,,2023-12-15T00:00:00Z,https://github.com/sherlock-audit/2023-12-dodo-judging,repo=2023-12-dodo-judging,audit_events_sherlock.csv
footium,sherlock,Sherlock,,2023-12-15T00:00:00Z,https://github.com/sherlock-audit/2023-12-footium,repo=2023-12-footium,audit_events_sherlock.csv
footium,sherlock,Sherlock,,2023-12-15T00:00:00Z,https://github.com/sherlock-audit/2023-12-footium-judging,repo=2023-12-footium-judging,audit_events_sherlock.csv
flatmoney,sherlock,Sherlock,,2023-12-15T00:00:00Z,https://github.com/sherlock-audit/2023-12-flatmoney,repo=2023-12-flatmoney,audit_events_sherlock.csv
flatmoney,sherlock,Sherlock,,2023-12-15T00:00:00Z,https://github.com/sherlock-audit/2023-12-flatmoney-judging,repo=2023-12-flatmoney-judging,audit_events_sherlock.csv
dodo-gsp,sherlock,Sherlock,,2023-12-15T00:00:00Z,https://github.com/sherlock-audit/2023-12-dodo-gsp,repo=2023-12-dodo-gsp,audit_events_sherlock.csv
dodo-gsp,sherlock,Sherlock,,2023-12-15T00:00:00Z,https://github.com/sherlock-audit/2023-12-dodo-gsp-judging,repo=2023-12-dodo-gsp-judging,audit_events_sherlock.csv
jojo-exchange-update,sherlock,Sherlock,,2023-12-15T00:00:00Z,https://github.com/sherlock-audit/2023-12-jojo-exchange-update,repo=2023-12-jojo-exchange-update,audit_events_sherlock.csv
jojo-exchange-update,sherlock,Sherlock,,2023-12-15T00:00:00Z,https://github.com/sherlock-audit/2023-12-jojo-exchange-update-judging,repo=2023-12-jojo-exchange-update-judging,audit_events_sherlock.csv
arcadia,sherlock,Sherlock,,2023-12-15T00:00:00Z,https://github.com/sherlock-audit/2023-12-arcadia,repo=2023-12-arcadia,audit_events_sherlock.csv
arcadia,sherlock,Sherlock,,2023-12-15T00:00:00Z,https://github.com/sherlock-audit/2023-12-arcadia-judging,repo=2023-12-arcadia-judging,audit_events_sherlock.csv
ubiquity,sherlock,Sherlock,,2023-12-15T00:00:00Z,https://github.com/sherlock-audit/2023-12-ubiquity,repo=2023-12-ubiquity,audit_events_sherlock.csv
ubiquity,sherlock,Sherlock,,2023-12-15T00:00:00Z,https://github.com/sherlock-audit/2023-12-ubiquity-judging,repo=2023-12-ubiquity-judging,audit_events_sherlock.csv
notional-update-5,sherlock,Sherlock,,2023-12-15T00:00:00Z,https://github.com/sherlock-audit/2023-12-notional-update-5,repo=2023-12-notional-update-5,audit_events_sherlock.csv
notional-update-5,sherlock,Sherlock,,2023-12-15T00:00:00Z,https://github.com/sherlock-audit/2023-12-notional-update-5-judging,repo=2023-12-notional-update-5-judging,audit_events_sherlock.csv
symm-io,sherlock,Sherlock,,2023-12-15T00:00:00Z,https://github.com/sherlock-audit/2023-12-symm-io,repo=2023-12-symm-io,audit_events_sherlock.csv
symm-io,sherlock,Sherlock,,2023-12-15T00:00:00Z,https://github.com/sherlock-audit/2023-12-symm-io-judging,repo=2023-12-symm-io-judging,audit_events_sherlock.csv
truflation,sherlock,Sherlock,,2023-12-15T00:00:00Z,https://github.com/sherlock-audit/2023-12-truflation,repo=2023-12-truflation,audit_events_sherlock.csv
truflation,sherlock,Sherlock,,2023-12-15T00:00:00Z,https://github.com/sherlock-audit/2023-12-truflation-judging,repo=2023-12-truflation-judging,audit_events_sherlock.csv
avail,sherlock,Sherlock,,2023-12-15T00:00:00Z,https://github.com/sherlock-audit/2023-12-avail,repo=2023-12-avail,audit_events_sherlock.csv
avail,sherlock,Sherlock,,2023-12-15T00:00:00Z,https://github.com/sherlock-audit/2023-12-avail-judging,repo=2023-12-avail-judging,audit_events_sherlock.csv
telcoin,sherlock,Sherlock,,2024-01-15T00:00:00Z,https://github.com/sherlock-audit/2024-01-telcoin,repo=2024-01-telcoin,audit_events_sherlock.csv
telcoin,sherlock,Sherlock,,2024-01-15T00:00:00Z,https://github.com/sherlock-audit/2024-01-telcoin-judging,repo=2024-01-telcoin-judging,audit_events_sherlock.csv
rio-vesting-escrow,sherlock,Sherlock,,2024-01-15T00:00:00Z,https://github.com/sherlock-audit/2024-01-rio-vesting-escrow,repo=2024-01-rio-vesting-escrow,audit_events_sherlock.csv
rio-vesting-escrow,sherlock,Sherlock,,2024-01-15T00:00:00Z,https://github.com/sherlock-audit/2024-01-rio-vesting-escrow-judging,repo=2024-01-rio-vesting-escrow-judging,audit_events_sherlock.csv
looksrare,sherlock,Sherlock,,2024-01-15T00:00:00Z,https://github.com/sherlock-audit/2024-01-looksrare,repo=2024-01-looksrare,audit_events_sherlock.csv
looksrare,sherlock,Sherlock,,2024-01-15T00:00:00Z,https://github.com/sherlock-audit/2024-01-looksrare-judging,repo=2024-01-looksrare-judging,audit_events_sherlock.csv
olympus-on-chain-governance,sherlock,Sherlock,,2024-01-15T00:00:00Z,https://github.com/sherlock-audit/2024-01-olympus-on-chain-governance,repo=2024-01-olympus-on-chain-governance,audit_events_sherlock.csv
olympus-on-chain-governance,sherlock,Sherlock,,2024-01-15T00:00:00Z,https://github.com/sherlock-audit/2024-01-olympus-on-chain-governance-judging,repo=2024-01-olympus-on-chain-governance-judging,audit_events_sherlock.csv
napier,sherlock,Sherlock,,2024-01-15T00:00:00Z,https://github.com/sherlock-audit/2024-01-napier,repo=2024-01-napier,audit_events_sherlock.csv
napier,sherlock,Sherlock,,2024-01-15T00:00:00Z,https://github.com/sherlock-audit/2024-01-napier-judging,repo=2024-01-napier-judging,audit_events_sherlock.csv
rubicon-finance,sherlock,Sherlock,,2024-02-15T00:00:00Z,https://github.com/sherlock-audit/2024-02-rubicon-finance,repo=2024-02-rubicon-finance,audit_events_sherlock.csv
rubicon-finance,sherlock,Sherlock,,2024-02-15T00:00:00Z,https://github.com/sherlock-audit/2024-02-rubicon-finance-judging,repo=2024-02-rubicon-finance-judging,audit_events_sherlock.csv
smilee-finance,sherlock,Sherlock,,2024-02-15T00:00:00Z,https://github.com/sherlock-audit/2024-02-smilee-finance,repo=2024-02-smilee-finance,audit_events_sherlock.csv
smilee-finance,sherlock,Sherlock,,2024-02-15T00:00:00Z,https://github.com/sherlock-audit/2024-02-smilee-finance-judging,repo=2024-02-smilee-finance-judging,audit_events_sherlock.csv
optimism-2024,sherlock,Sherlock,,2024-02-15T00:00:00Z,https://github.com/sherlock-audit/2024-02-optimism-2024,repo=2024-02-optimism-2024,audit_events_sherlock.csv
optimism-2024,sherlock,Sherlock,,2024-02-15T00:00:00Z,https://github.com/sherlock-audit/2024-02-optimism-2024-judging,repo=2024-02-optimism-2024-judging,audit_events_sherlock.csv
radicalxchange,sherlock,Sherlock,,2024-02-15T00:00:00Z,https://github.com/sherlock-audit/2024-02-radicalxchange,repo=2024-02-radicalxchange,audit_events_sherlock.csv
radicalxchange,sherlock,Sherlock,,2024-02-15T00:00:00Z,https://github.com/sherlock-audit/2024-02-radicalxchange-judging,repo=2024-02-radicalxchange-judging,audit_events_sherlock.csv
rio-network-core-protocol,sherlock,Sherlock,,2024-02-15T00:00:00Z,https://github.com/sherlock-audit/2024-02-rio-network-core-protocol,repo=2024-02-rio-network-core-protocol,audit_events_sherlock.csv
rio-network-core-protocol,sherlock,Sherlock,,2024-02-15T00:00:00Z,https://github.com/sherlock-audit/2024-02-rio-network-core-protocol-judging,repo=2024-02-rio-network-core-protocol-judging,audit_events_sherlock.csv
tapioca,sherlock,Sherlock,,2024-02-15T00:00:00Z,https://github.com/sherlock-audit/2024-02-tapioca,repo=2024-02-tapioca,audit_events_sherlock.csv
tapioca,sherlock,Sherlock,,2024-02-15T00:00:00Z,https://github.com/sherlock-audit/2024-02-tapioca-judging,repo=2024-02-tapioca-judging,audit_events_sherlock.csv
perpetual,sherlock,Sherlock,,2024-02-15T00:00:00Z,https://github.com/sherlock-audit/2024-02-perpetual,repo=2024-02-perpetual,audit_events_sherlock.csv
perpetual,sherlock,Sherlock,,2024-02-15T00:00:00Z,https://github.com/sherlock-audit/2024-02-perpetual-judging,repo=2024-02-perpetual-judging,audit_events_sherlock.csv
mento,sherlock,Sherlock,,2024-02-15T00:00:00Z,https://github.com/sherlock-audit/2024-02-mento,repo=2024-02-mento,audit_events_sherlock.csv
mento,sherlock,Sherlock,,2024-02-15T00:00:00Z,https://github.com/sherlock-audit/2024-02-mento-judging,repo=2024-02-mento-judging,audit_events_sherlock.csv
jala-swap,sherlock,Sherlock,,2024-02-15T00:00:00Z,https://github.com/sherlock-audit/2024-02-jala-swap,repo=2024-02-jala-swap,audit_events_sherlock.csv
jala-swap,sherlock,Sherlock,,2024-02-15T00:00:00Z,https://github.com/sherlock-audit/2024-02-jala-swap-judging,repo=2024-02-jala-swap-judging,audit_events_sherlock.csv
leverage-contracts,sherlock,Sherlock,,2024-02-15T00:00:00Z,https://github.com/sherlock-audit/2024-02-leverage-contracts,repo=2024-02-leverage-contracts,audit_events_sherlock.csv
leverage-contracts,sherlock,Sherlock,,2024-02-15T00:00:00Z,https://github.com/sherlock-audit/2024-02-leverage-contracts-judging,repo=2024-02-leverage-contracts-judging,audit_events_sherlock.csv
telcoin-platform-audit-update,sherlock,Sherlock,,2024-02-15T00:00:00Z,https://github.com/sherlock-audit/2024-02-telcoin-platform-audit-update,repo=2024-02-telcoin-platform-audit-update,audit_events_sherlock.csv
telcoin-platform-audit-update,sherlock,Sherlock,,2024-02-15T00:00:00Z,https://github.com/sherlock-audit/2024-02-telcoin-platform-audit-update-judging,repo=2024-02-telcoin-platform-audit-update-judging,audit_events_sherlock.csv
perennial-v2-3,sherlock,Sherlock,,2024-02-15T00:00:00Z,https://github.com/sherlock-audit/2024-02-perennial-v2-3,repo=2024-02-perennial-v2-3,audit_events_sherlock.csv
perennial-v2-3,sherlock,Sherlock,,2024-02-15T00:00:00Z,https://github.com/sherlock-audit/2024-02-perennial-v2-3-judging,repo=2024-02-perennial-v2-3-judging,audit_events_sherlock.csv
arrakis,sherlock,Sherlock,,2024-03-15T00:00:00Z,https://github.com/sherlock-audit/2024-03-arrakis,repo=2024-03-arrakis,audit_events_sherlock.csv
arrakis,sherlock,Sherlock,,2024-03-15T00:00:00Z,https://github.com/sherlock-audit/2024-03-arrakis-judging,repo=2024-03-arrakis-judging,audit_events_sherlock.csv
nouns-dao-2,sherlock,Sherlock,,2024-03-15T00:00:00Z,https://github.com/sherlock-audit/2024-03-nouns-dao-2,repo=2024-03-nouns-dao-2,audit_events_sherlock.csv
nouns-dao-2,sherlock,Sherlock,,2024-03-15T00:00:00Z,https://github.com/sherlock-audit/2024-03-nouns-dao-2-judging,repo=2024-03-nouns-dao-2-judging,audit_events_sherlock.csv
amphor,sherlock,Sherlock,,2024-03-15T00:00:00Z,https://github.com/sherlock-audit/2024-03-amphor,repo=2024-03-amphor,audit_events_sherlock.csv
amphor,sherlock,Sherlock,,2024-03-15T00:00:00Z,https://github.com/sherlock-audit/2024-03-amphor-judging,repo=2024-03-amphor-judging,audit_events_sherlock.csv
woofi-swap,sherlock,Sherlock,,2024-03-15T00:00:00Z,https://github.com/sherlock-audit/2024-03-woofi-swap,repo=2024-03-woofi-swap,audit_events_sherlock.csv
woofi-swap,sherlock,Sherlock,,2024-03-15T00:00:00Z,https://github.com/sherlock-audit/2024-03-woofi-swap-judging,repo=2024-03-woofi-swap-judging,audit_events_sherlock.csv
goat-trading,sherlock,Sherlock,,2024-03-15T00:00:00Z,https://github.com/sherlock-audit/2024-03-goat-trading,repo=2024-03-goat-trading,audit_events_sherlock.csv
goat-trading,sherlock,Sherlock,,2024-03-15T00:00:00Z,https://github.com/sherlock-audit/2024-03-goat-trading-judging,repo=2024-03-goat-trading-judging,audit_events_sherlock.csv
zap-protocol,sherlock,Sherlock,,2024-03-15T00:00:00Z,https://github.com/sherlock-audit/2024-03-zap-protocol,repo=2024-03-zap-protocol,audit_events_sherlock.csv
zap-protocol,sherlock,Sherlock,,2024-03-15T00:00:00Z,https://github.com/sherlock-audit/2024-03-zap-protocol-judging,repo=2024-03-zap-protocol-judging,audit_events_sherlock.csv
vvv-vesting-staking,sherlock,Sherlock,,2024-03-15T00:00:00Z,https://github.com/sherlock-audit/2024-03-vvv-vesting-staking,repo=2024-03-vvv-vesting-staking,audit_events_sherlock.csv
vvv-vesting-staking,sherlock,Sherlock,,2024-03-15T00:00:00Z,https://github.com/sherlock-audit/2024-03-vvv-vesting-staking-judging,repo=2024-03-vvv-vesting-staking-judging,audit_events_sherlock.csv
wagmileverage-v2,sherlock,Sherlock,,2024-03-15T00:00:00Z,https://github.com/sherlock-audit/2024-03-wagmileverage-v2,repo=2024-03-wagmileverage-v2,audit_events_sherlock.csv
wagmileverage-v2,sherlock,Sherlock,,2024-03-15T00:00:00Z,https://github.com/sherlock-audit/2024-03-wagmileverage-v2-judging,repo=2024-03-wagmileverage-v2-judging,audit_events_sherlock.csv
axis-finance,sherlock,Sherlock,,2024-03-15T00:00:00Z,https://github.com/sherlock-audit/2024-03-axis-finance,repo=2024-03-axis-finance,audit_events_sherlock.csv
axis-finance,sherlock,Sherlock,,2024-03-15T00:00:00Z,https://github.com/sherlock-audit/2024-03-axis-finance-judging,repo=2024-03-axis-finance-judging,audit_events_sherlock.csv
zivoe,sherlock,Sherlock,,2024-03-15T00:00:00Z,https://github.com/sherlock-audit/2024-03-zivoe,repo=2024-03-zivoe,audit_events_sherlock.csv
zivoe,sherlock,Sherlock,,2024-03-15T00:00:00Z,https://github.com/sherlock-audit/2024-03-zivoe-judging,repo=2024-03-zivoe-judging,audit_events_sherlock.csv
flat-money-fix-review,sherlock,Sherlock,,2024-03-15T00:00:00Z,https://github.com/sherlock-audit/2024-03-flat-money-fix-review-contest,repo=2024-03-flat-money-fix-review-contest,audit_events_sherlock.csv
flat-money-fix-review,sherlock,Sherlock,,2024-03-15T00:00:00Z,https://github.com/sherlock-audit/2024-03-flat-money-fix-review-contest-judging,repo=2024-03-flat-money-fix-review-contest-judging,audit_events_sherlock.csv
alchemix,sherlock,Sherlock,,2024-04-15T00:00:00Z,https://github.com/sherlock-audit/2024-04-alchemix,repo=2024-04-alchemix,audit_events_sherlock.csv
alchemix,sherlock,Sherlock,,2024-04-15T00:00:00Z,https://github.com/sherlock-audit/2024-04-alchemix-judging,repo=2024-04-alchemix-judging,audit_events_sherlock.csv
interest-rate-model,sherlock,Sherlock,,2024-04-15T00:00:00Z,https://github.com/sherlock-audit/2024-04-interest-rate-model,repo=2024-04-interest-rate-model,audit_events_sherlock.csv
interest-rate-model,sherlock,Sherlock,,2024-04-15T00:00:00Z,https://github.com/sherlock-audit/2024-04-interest-rate-model-judging,repo=2024-04-interest-rate-model-judging,audit_events_sherlock.csv
xkeeper,sherlock,Sherlock,,2024-04-15T00:00:00Z,https://github.com/sherlock-audit/2024-04-xkeeper,repo=2024-04-xkeeper,audit_events_sherlock.csv
xkeeper,sherlock,Sherlock,,2024-04-15T00:00:00Z,https://github.com/sherlock-audit/2024-04-xkeeper-judging,repo=2024-04-xkeeper-judging,audit_events_sherlock.csv
arcadia-pricing-module,sherlock,Sherlock,,2024-04-15T00:00:00Z,https://github.com/sherlock-audit/2024-04-arcadia-pricing-module,repo=2024-04-arcadia-pricing-module,audit_events_sherlock.csv
arcadia-pricing-module,sherlock,Sherlock,,2024-04-15T00:00:00Z,https://github.com/sherlock-audit/2024-04-arcadia-pricing-module-judging,repo=2024-04-arcadia-pricing-module-judging,audit_events_sherlock.csv
titles,sherlock,Sherlock,,2024-04-15T00:00:00Z,https://github.com/sherlock-audit/2024-04-titles,repo=2024-04-titles,audit_events_sherlock.csv
titles,sherlock,Sherlock,,2024-04-15T00:00:00Z,https://github.com/sherlock-audit/2024-04-titles-judging,repo=2024-04-titles-judging,audit_events_sherlock.csv
teller-finance,sherlock,Sherlock,,2024-04-15T00:00:00Z,https://github.com/sherlock-audit/2024-04-teller-finance,repo=2024-04-teller-finance,audit_events_sherlock.csv
teller-finance,sherlock,Sherlock,,2024-04-15T00:00:00Z,https://github.com/sherlock-audit/2024-04-teller-finance-judging,repo=2024-04-teller-finance-judging,audit_events_sherlock.csv
kwenta-x-perennial-integration-update,sherlock,Sherlock,,2024-05-15T00:00:00Z,https://github.com/sherlock-audit/2024-05-kwenta-x-perennial-integration-update,repo=2024-05-kwenta-x-perennial-integration-update,audit_events_sherlock.csv
kwenta-x-perennial-integration-update,sherlock,Sherlock,,2024-05-15T00:00:00Z,https://github.com/sherlock-audit/2024-05-kwenta-x-perennial-integration-update-judging,repo=2024-05-kwenta-x-perennial-integration-update-judging,audit_events_sherlock.csv
beefy-cowcentrated-liquidity-manager,sherlock,Sherlock,,2024-05-15T00:00:00Z,https://github.com/sherlock-audit/2024-05-beefy-cowcentrated-liquidity-manager,repo=2024-05-beefy-cowcentrated-liquidity-manager,audit_events_sherlock.csv
beefy-cowcentrated-liquidity-manager,sherlock,Sherlock,,2024-05-15T00:00:00Z,https://github.com/sherlock-audit/2024-05-beefy-cowcentrated-liquidity-manager-judging,repo=2024-05-beefy-cowcentrated-liquidity-manager-judging,audit_events_sherlock.csv
elfi-protocol,sherlock,Sherlock,,2024-05-15T00:00:00Z,https://github.com/sherlock-audit/2024-05-elfi-protocol,repo=2024-05-elfi-protocol,audit_events_sherlock.csv
elfi-protocol,sherlock,Sherlock,,2024-05-15T00:00:00Z,https://github.com/sherlock-audit/2024-05-elfi-protocol-judging,repo=2024-05-elfi-protocol-judging,audit_events_sherlock.csv
tokensoft-distributor-contracts-update,sherlock,Sherlock,,2024-05-15T00:00:00Z,https://github.com/sherlock-audit/2024-05-tokensoft-distributor-contracts-update,repo=2024-05-tokensoft-distributor-contracts-update,audit_events_sherlock.csv
tokensoft-distributor-contracts-update,sherlock,Sherlock,,2024-05-15T00:00:00Z,https://github.com/sherlock-audit/2024-05-tokensoft-distributor-contracts-update-judging,repo=2024-05-tokensoft-distributor-contracts-update-judging,audit_events_sherlock.csv
pooltogether,sherlock,Sherlock,,2024-05-15T00:00:00Z,https://github.com/sherlock-audit/2024-05-pooltogether,repo=2024-05-pooltogether,audit_events_sherlock.csv
pooltogether,sherlock,Sherlock,,2024-05-15T00:00:00Z,https://github.com/sherlock-audit/2024-05-pooltogether-judging,repo=2024-05-pooltogether-judging,audit_events_sherlock.csv
napier-update,sherlock,Sherlock,,2024-05-15T00:00:00Z,https://github.com/sherlock-audit/2024-05-napier-update,repo=2024-05-napier-update,audit_events_sherlock.csv
napier-update,sherlock,Sherlock,,2024-05-15T00:00:00Z,https://github.com/sherlock-audit/2024-05-napier-update-judging,repo=2024-05-napier-update-judging,audit_events_sherlock.csv
gamma-staking,sherlock,Sherlock,,2024-05-15T00:00:00Z,https://github.com/sherlock-audit/2024-05-gamma-staking,repo=2024-05-gamma-staking,audit_events_sherlock.csv
gamma-staking,sherlock,Sherlock,,2024-05-15T00:00:00Z,https://github.com/sherlock-audit/2024-05-gamma-staking-judging,repo=2024-05-gamma-staking-judging,audit_events_sherlock.csv
sophon,sherlock,Sherlock,,2024-05-15T00:00:00Z,https://github.com/sherlock-audit/2024-05-sophon,repo=2024-05-sophon,audit_events_sherlock.csv
sophon,sherlock,Sherlock,,2024-05-15T00:00:00Z,https://github.com/sherlock-audit/2024-05-sophon-judging,repo=2024-05-sophon-judging,audit_events_sherlock.csv
andromeda-ado,sherlock,Sherlock,,2024-05-15T00:00:00Z,https://github.com/sherlock-audit/2024-05-andromeda-ado,repo=2024-05-andromeda-ado,audit_events_sherlock.csv
andromeda-ado,sherlock,Sherlock,,2024-05-15T00:00:00Z,https://github.com/sherlock-audit/2024-05-andromeda-ado-judging,repo=2024-05-andromeda-ado-judging,audit_events_sherlock.csv
midas,sherlock,Sherlock,,2024-05-15T00:00:00Z,https://github.com/sherlock-audit/2024-05-midas,repo=2024-05-midas,audit_events_sherlock.csv
midas,sherlock,Sherlock,,2024-05-15T00:00:00Z,https://github.com/sherlock-audit/2024-05-midas-judging,repo=2024-05-midas-judging,audit_events_sherlock.csv
aleo,sherlock,Sherlock,,2024-05-15T00:00:00Z,https://github.com/sherlock-audit/2024-05-aleo,repo=2024-05-aleo,audit_events_sherlock.csv
aleo,sherlock,Sherlock,,2024-05-15T00:00:00Z,https://github.com/sherlock-audit/2024-05-aleo-judging,repo=2024-05-aleo-judging,audit_events_sherlock.csv
mellow,sherlock,Sherlock,,2024-06-15T00:00:00Z,https://github.com/sherlock-audit/2024-06-mellow,repo=2024-06-mellow,audit_events_sherlock.csv
mellow,sherlock,Sherlock,,2024-06-15T00:00:00Z,https://github.com/sherlock-audit/2024-06-mellow-judging,repo=2024-06-mellow-judging,audit_events_sherlock.csv
symmetrical-update-2,sherlock,Sherlock,,2024-06-15T00:00:00Z,https://github.com/sherlock-audit/2024-06-symmetrical-update-2,repo=2024-06-symmetrical-update-2,audit_events_sherlock.csv
symmetrical-update-2,sherlock,Sherlock,,2024-06-15T00:00:00Z,https://github.com/sherlock-audit/2024-06-symmetrical-update-2-judging,repo=2024-06-symmetrical-update-2-judging,audit_events_sherlock.csv
union-finance-update-2,sherlock,Sherlock,,2024-06-15T00:00:00Z,https://github.com/sherlock-audit/2024-06-union-finance-update-2,repo=2024-06-union-finance-update-2,audit_events_sherlock.csv
union-finance-update-2,sherlock,Sherlock,,2024-06-15T00:00:00Z,https://github.com/sherlock-audit/2024-06-union-finance-update-2-judging,repo=2024-06-union-finance-update-2-judging,audit_events_sherlock.csv
leveraged-vaults,sherlock,Sherlock,,2024-06-15T00:00:00Z,https://github.com/sherlock-audit/2024-06-leveraged-vaults,repo=2024-06-leveraged-vaults,audit_events_sherlock.csv
leveraged-vaults,sherlock,Sherlock,,2024-06-15T00:00:00Z,https://github.com/sherlock-audit/2024-06-leveraged-vaults-judging,repo=2024-06-leveraged-vaults-judging,audit_events_sherlock.csv
boost-aa-wallet,sherlock,Sherlock,,2024-06-15T00:00:00Z,https://github.com/sherlock-audit/2024-06-boost-aa-wallet,repo=2024-06-boost-aa-wallet,audit_events_sherlock.csv
boost-aa-wallet,sherlock,Sherlock,,2024-06-15T00:00:00Z,https://github.com/sherlock-audit/2024-06-boost-aa-wallet-judging,repo=2024-06-boost-aa-wallet-judging,audit_events_sherlock.csv
allora,sherlock,Sherlock,,2024-06-15T00:00:00Z,https://github.com/sherlock-audit/2024-06-allora,repo=2024-06-allora,audit_events_sherlock.csv
allora,sherlock,Sherlock,,2024-06-15T00:00:00Z,https://github.com/sherlock-audit/2024-06-allora-judging,repo=2024-06-allora-judging,audit_events_sherlock.csv
makerdao-endgame,sherlock,Sherlock,,2024-06-15T00:00:00Z,https://github.com/sherlock-audit/2024-06-makerdao-endgame,repo=2024-06-makerdao-endgame,audit_events_sherlock.csv
makerdao-endgame,sherlock,Sherlock,,2024-06-15T00:00:00Z,https://github.com/sherlock-audit/2024-06-makerdao-endgame-judging,repo=2024-06-makerdao-endgame-judging,audit_events_sherlock.csv
new-scope,sherlock,Sherlock,,2024-06-15T00:00:00Z,https://github.com/sherlock-audit/2024-06-new-scope,repo=2024-06-new-scope,audit_events_sherlock.csv
new-scope,sherlock,Sherlock,,2024-06-15T00:00:00Z,https://github.com/sherlock-audit/2024-06-new-scope-judging,repo=2024-06-new-scope-judging,audit_events_sherlock.csv
magicsea,sherlock,Sherlock,,2024-06-15T00:00:00Z,https://github.com/sherlock-audit/2024-06-magicsea,repo=2024-06-magicsea,audit_events_sherlock.csv
velocimeter,sherlock,Sherlock,,2024-06-15T00:00:00Z,https://github.com/sherlock-audit/2024-06-velocimeter,repo=2024-06-velocimeter,audit_events_sherlock.csv
velocimeter,sherlock,Sherlock,,2024-06-15T00:00:00Z,https://github.com/sherlock-audit/2024-06-velocimeter-judging,repo=2024-06-velocimeter-judging,audit_events_sherlock.csv
magicsea,sherlock,Sherlock,,2024-06-15T00:00:00Z,https://github.com/sherlock-audit/2024-06-magicsea-judging,repo=2024-06-magicsea-judging,audit_events_sherlock.csv
exactly-stacking-contracts,sherlock,Sherlock,,2024-07-15T00:00:00Z,https://github.com/sherlock-audit/2024-07-exactly-stacking-contracts,repo=2024-07-exactly-stacking-contracts,audit_events_sherlock.csv
exactly-stacking-contracts,sherlock,Sherlock,,2024-07-15T00:00:00Z,https://github.com/sherlock-audit/2024-07-exactly-stacking-contracts-judging,repo=2024-07-exactly-stacking-contracts-judging,audit_events_sherlock.csv
kwenta-staking-contracts,sherlock,Sherlock,,2024-07-15T00:00:00Z,https://github.com/sherlock-audit/2024-07-kwenta-staking-contracts,repo=2024-07-kwenta-staking-contracts,audit_events_sherlock.csv
kwenta-staking-contracts,sherlock,Sherlock,,2024-07-15T00:00:00Z,https://github.com/sherlock-audit/2024-07-kwenta-staking-contracts-judging,repo=2024-07-kwenta-staking-contracts-judging,audit_events_sherlock.csv
sense-points-marketplace,sherlock,Sherlock,,2024-07-15T00:00:00Z,https://github.com/sherlock-audit/2024-07-sense-points-marketplace,repo=2024-07-sense-points-marketplace,audit_events_sherlock.csv
sense-points-marketplace,sherlock,Sherlock,,2024-07-15T00:00:00Z,https://github.com/sherlock-audit/2024-07-sense-points-marketplace-judging,repo=2024-07-sense-points-marketplace-judging,audit_events_sherlock.csv
saffron-finance,sherlock,Sherlock,,2024-08-15T00:00:00Z,https://github.com/sherlock-audit/2024-08-saffron-finance,repo=2024-08-saffron-finance,audit_events_sherlock.csv
saffron-finance,sherlock,Sherlock,,2024-08-15T00:00:00Z,https://github.com/sherlock-audit/2024-08-saffron-finance-judging,repo=2024-08-saffron-finance-judging,audit_events_sherlock.csv
flayer,sherlock,Sherlock,,2024-08-15T00:00:00Z,https://github.com/sherlock-audit/2024-08-flayer,repo=2024-08-flayer,audit_events_sherlock.csv
flayer,sherlock,Sherlock,,2024-08-15T00:00:00Z,https://github.com/sherlock-audit/2024-08-flayer-judging,repo=2024-08-flayer-judging,audit_events_sherlock.csv
sentiment-v2,sherlock,Sherlock,,2024-08-15T00:00:00Z,https://github.com/sherlock-audit/2024-08-sentiment-v2,repo=2024-08-sentiment-v2,audit_events_sherlock.csv
sentiment-v2,sherlock,Sherlock,,2024-08-15T00:00:00Z,https://github.com/sherlock-audit/2024-08-sentiment-v2-judging,repo=2024-08-sentiment-v2-judging,audit_events_sherlock.csv
winnables-raffles,sherlock,Sherlock,,2024-08-15T00:00:00Z,https://github.com/sherlock-audit/2024-08-winnables-raffles,repo=2024-08-winnables-raffles,audit_events_sherlock.csv
winnables-raffles,sherlock,Sherlock,,2024-08-15T00:00:00Z,https://github.com/sherlock-audit/2024-08-winnables-raffles-judging,repo=2024-08-winnables-raffles-judging,audit_events_sherlock.csv
midas-minter-redeemer,sherlock,Sherlock,,2024-08-15T00:00:00Z,https://github.com/sherlock-audit/2024-08-midas-minter-redeemer,repo=2024-08-midas-minter-redeemer,audit_events_sherlock.csv
midas-minter-redeemer,sherlock,Sherlock,,2024-08-15T00:00:00Z,https://github.com/sherlock-audit/2024-08-midas-minter-redeemer-judging,repo=2024-08-midas-minter-redeemer-judging,audit_events_sherlock.csv
perennial-v2-update-3,sherlock,Sherlock,,2024-08-15T00:00:00Z,https://github.com/sherlock-audit/2024-08-perennial-v2-update-3,repo=2024-08-perennial-v2-update-3,audit_events_sherlock.csv
perennial-v2-update-3,sherlock,Sherlock,,2024-08-15T00:00:00Z,https://github.com/sherlock-audit/2024-08-perennial-v2-update-3-judging,repo=2024-08-perennial-v2-update-3-judging,audit_events_sherlock.csv
velar-artha,sherlock,Sherlock,,2024-08-15T00:00:00Z,https://github.com/sherlock-audit/2024-08-velar-artha,repo=2024-08-velar-artha,audit_events_sherlock.csv
velar-artha,sherlock,Sherlock,,2024-08-15T00:00:00Z,https://github.com/sherlock-audit/2024-08-velar-artha-judging,repo=2024-08-velar-artha-judging,audit_events_sherlock.csv
cork-protocol,sherlock,Sherlock,,2024-08-15T00:00:00Z,https://github.com/sherlock-audit/2024-08-cork-protocol,repo=2024-08-cork-protocol,audit_events_sherlock.csv
cork-protocol,sherlock,Sherlock,,2024-08-15T00:00:00Z,https://github.com/sherlock-audit/2024-08-cork-protocol-judging,repo=2024-08-cork-protocol-judging,audit_events_sherlock.csv
woofi-solana-deployment,sherlock,Sherlock,,2024-08-15T00:00:00Z,https://github.com/sherlock-audit/2024-08-woofi-solana-deployment,repo=2024-08-woofi-solana-deployment,audit_events_sherlock.csv
woofi-solana-deployment,sherlock,Sherlock,,2024-08-15T00:00:00Z,https://github.com/sherlock-audit/2024-08-woofi-solana-deployment-judging,repo=2024-08-woofi-solana-deployment-judging,audit_events_sherlock.csv
morphl2,sherlock,Sherlock,,2024-08-15T00:00:00Z,https://github.com/sherlock-audit/2024-08-morphl2,repo=2024-08-morphl2,audit_events_sherlock.csv
morphl2,sherlock,Sherlock,,2024-08-15T00:00:00Z,https://github.com/sherlock-audit/2024-08-morphl2-judging,repo=2024-08-morphl2-judging,audit_events_sherlock.csv
tokamak-network,sherlock,Sherlock,,2024-08-15T00:00:00Z,https://github.com/sherlock-audit/2024-08-tokamak-network,repo=2024-08-tokamak-network,audit_events_sherlock.csv
tokamak-network,sherlock,Sherlock,,2024-08-15T00:00:00Z,https://github.com/sherlock-audit/2024-08-tokamak-network-judging,repo=2024-08-tokamak-network-judging,audit_events_sherlock.csv
predict-fun,sherlock,Sherlock,,2024-09-15T00:00:00Z,https://github.com/sherlock-audit/2024-09-predict-fun,repo=2024-09-predict-fun,audit_events_sherlock.csv
predict-fun,sherlock,Sherlock,,2024-09-15T00:00:00Z,https://github.com/sherlock-audit/2024-09-predict-fun-judging,repo=2024-09-predict-fun-judging,audit_events_sherlock.csv
orderly-network-solana-contract,sherlock,Sherlock,,2024-09-15T00:00:00Z,https://github.com/sherlock-audit/2024-09-orderly-network-solana-contract,repo=2024-09-orderly-network-solana-contract,audit_events_sherlock.csv
orderly-network-solana-contract,sherlock,Sherlock,,2024-09-15T00:00:00Z,https://github.com/sherlock-audit/2024-09-orderly-network-solana-contract-judging,repo=2024-09-orderly-network-solana-contract-judging,audit_events_sherlock.csv
symmio-v0-8-4-update,sherlock,Sherlock,,2024-09-15T00:00:00Z,https://github.com/sherlock-audit/2024-09-symmio-v0-8-4-update-contest,repo=2024-09-symmio-v0-8-4-update-contest,audit_events_sherlock.csv
symmio-v0-8-4-update,sherlock,Sherlock,,2024-09-15T00:00:00Z,https://github.com/sherlock-audit/2024-09-symmio-v0-8-4-update-contest-judging,repo=2024-09-symmio-v0-8-4-update-contest-judging,audit_events_sherlock.csv
morpho-x-index,sherlock,Sherlock,,2024-10-15T00:00:00Z,https://github.com/sherlock-audit/2024-10-morpho-x-index,repo=2024-10-morpho-x-index,audit_events_sherlock.csv
morpho-x-index,sherlock,Sherlock,,2024-10-15T00:00:00Z,https://github.com/sherlock-audit/2024-10-morpho-x-index-judging,repo=2024-10-morpho-x-index-judging,audit_events_sherlock.csv
axion,sherlock,Sherlock,,2024-10-15T00:00:00Z,https://github.com/sherlock-audit/2024-10-axion,repo=2024-10-axion,audit_events_sherlock.csv
axion,sherlock,Sherlock,,2024-10-15T00:00:00Z,https://github.com/sherlock-audit/2024-10-axion-judging,repo=2024-10-axion-judging,audit_events_sherlock.csv
ethos-network,sherlock,Sherlock,,2024-10-15T00:00:00Z,https://github.com/sherlock-audit/2024-10-ethos-network,repo=2024-10-ethos-network,audit_events_sherlock.csv
ethos-network,sherlock,Sherlock,,2024-10-15T00:00:00Z,https://github.com/sherlock-audit/2024-10-ethos-network-judging,repo=2024-10-ethos-network-judging,audit_events_sherlock.csv
mento-update,sherlock,Sherlock,,2024-10-15T00:00:00Z,https://github.com/sherlock-audit/2024-10-mento-update,repo=2024-10-mento-update,audit_events_sherlock.csv
mento-update,sherlock,Sherlock,,2024-10-15T00:00:00Z,https://github.com/sherlock-audit/2024-10-mento-update-judging,repo=2024-10-mento-update-judging,audit_events_sherlock.csv
gamma-rewarder,sherlock,Sherlock,,2024-10-15T00:00:00Z,https://github.com/sherlock-audit/2024-10-gamma-rewarder,repo=2024-10-gamma-rewarder,audit_events_sherlock.csv
gamma-rewarder,sherlock,Sherlock,,2024-10-15T00:00:00Z,https://github.com/sherlock-audit/2024-10-gamma-rewarder-judging,repo=2024-10-gamma-rewarder-judging,audit_events_sherlock.csv
debita,sherlock,Sherlock,,2024-10-15T00:00:00Z,https://github.com/sherlock-audit/2024-10-debita-judging,repo=2024-10-debita-judging,audit_events_sherlock.csv
telcoin,sherlock,Sherlock,,2024-11-15T00:00:00Z,https://github.com/sherlock-audit/2024-11-telcoin,repo=2024-11-telcoin,audit_events_sherlock.csv
telcoin,sherlock,Sherlock,,2024-11-15T00:00:00Z,https://github.com/sherlock-audit/2024-11-telcoin-judging,repo=2024-11-telcoin-judging,audit_events_sherlock.csv
vvv-exchange-update,sherlock,Sherlock,,2024-11-15T00:00:00Z,https://github.com/sherlock-audit/2024-11-vvv-exchange-update,repo=2024-11-vvv-exchange-update,audit_events_sherlock.csv
vvv-exchange-update,sherlock,Sherlock,,2024-11-15T00:00:00Z,https://github.com/sherlock-audit/2024-11-vvv-exchange-update-judging,repo=2024-11-vvv-exchange-update-judging,audit_events_sherlock.csv
debita-finance-v3,sherlock,Sherlock,,2024-11-15T00:00:00Z,https://github.com/sherlock-audit/2024-11-debita-finance-v3,repo=2024-11-debita-finance-v3,audit_events_sherlock.csv
velodrome-mellow,sherlock,Sherlock,,2024-11-15T00:00:00Z,https://github.com/sherlock-audit/2024-11-velodrome-mellow,repo=2024-11-velodrome-mellow,audit_events_sherlock.csv
superfluid-locking-contract,sherlock,Sherlock,,2024-11-15T00:00:00Z,https://github.com/sherlock-audit/2024-11-superfluid-locking-contract,repo=2024-11-superfluid-locking-contract,audit_events_sherlock.csv
superfluid-locking-contract,sherlock,Sherlock,,2024-11-15T00:00:00Z,https://github.com/sherlock-audit/2024-11-superfluid-locking-contract-judging,repo=2024-11-superfluid-locking-contract-judging,audit_events_sherlock.csv
hats-protocol,sherlock,Sherlock,,2024-11-15T00:00:00Z,https://github.com/sherlock-audit/2024-11-hats-protocol,repo=2024-11-hats-protocol,audit_events_sherlock.csv
hats-protocol,sherlock,Sherlock,,2024-11-15T00:00:00Z,https://github.com/sherlock-audit/2024-11-hats-protocol-judging,repo=2024-11-hats-protocol-judging,audit_events_sherlock.csv
nounsdao,sherlock,Sherlock,,2024-11-15T00:00:00Z,https://github.com/sherlock-audit/2024-11-nounsdao,repo=2024-11-nounsdao,audit_events_sherlock.csv
nounsdao,sherlock,Sherlock,,2024-11-15T00:00:00Z,https://github.com/sherlock-audit/2024-11-nounsdao-judging,repo=2024-11-nounsdao-judging,audit_events_sherlock.csv
teller-finance-update,sherlock,Sherlock,,2024-11-15T00:00:00Z,https://github.com/sherlock-audit/2024-11-teller-finance-update,repo=2024-11-teller-finance-update,audit_events_sherlock.csv
teller-finance-update,sherlock,Sherlock,,2024-11-15T00:00:00Z,https://github.com/sherlock-audit/2024-11-teller-finance-update-judging,repo=2024-11-teller-finance-update-judging,audit_events_sherlock.csv
ethos-network-ii,sherlock,Sherlock,,2024-11-15T00:00:00Z,https://github.com/sherlock-audit/2024-11-ethos-network-ii,repo=2024-11-ethos-network-ii,audit_events_sherlock.csv
ethos-network-ii,sherlock,Sherlock,,2024-11-15T00:00:00Z,https://github.com/sherlock-audit/2024-11-ethos-network-ii-judging,repo=2024-11-ethos-network-ii-judging,audit_events_sherlock.csv
tally,sherlock,Sherlock,,2024-11-15T00:00:00Z,https://github.com/sherlock-audit/2024-11-tally-judging,repo=2024-11-tally-judging,audit_events_sherlock.csv
oku,sherlock,Sherlock,,2024-11-15T00:00:00Z,https://github.com/sherlock-audit/2024-11-oku,repo=2024-11-oku,audit_events_sherlock.csv
oku,sherlock,Sherlock,,2024-11-15T00:00:00Z,https://github.com/sherlock-audit/2024-11-oku-judging,repo=2024-11-oku-judging,audit_events_sherlock.csv
autonomint,sherlock,Sherlock,,2024-11-15T00:00:00Z,https://github.com/sherlock-audit/2024-11-autonomint,repo=2024-11-autonomint,audit_events_sherlock.csv
autonomint,sherlock,Sherlock,,2024-11-15T00:00:00Z,https://github.com/sherlock-audit/2024-11-autonomint-judging,repo=2024-11-autonomint-judging,audit_events_sherlock.csv
tally,sherlock,Sherlock,,2024-11-15T00:00:00Z,https://github.com/sherlock-audit/2024-11-tally,repo=2024-11-tally,audit_events_sherlock.csv
numa,sherlock,Sherlock,,2024-12-15T00:00:00Z,https://github.com/sherlock-audit/2024-12-numa-audit,repo=2024-12-numa-audit,audit_events_sherlock.csv
numa,sherlock,Sherlock,,2024-12-15T00:00:00Z,https://github.com/sherlock-audit/2024-12-numa-audit-judging,repo=2024-12-numa-audit-judging,audit_events_sherlock.csv
babylon,sherlock,Sherlock,,2024-12-15T00:00:00Z,https://github.com/sherlock-audit/2024-12-babylon-judging,repo=2024-12-babylon-judging,audit_events_sherlock.csv
mach-finance,sherlock,Sherlock,,2024-12-15T00:00:00Z,https://github.com/sherlock-audit/2024-12-mach-finance,repo=2024-12-mach-finance,audit_events_sherlock.csv
mach-finance,sherlock,Sherlock,,2024-12-15T00:00:00Z,https://github.com/sherlock-audit/2024-12-mach-finance-judging,repo=2024-12-mach-finance-judging,audit_events_sherlock.csv
plaza-finance,sherlock,Sherlock,,2024-12-15T00:00:00Z,https://github.com/sherlock-audit/2024-12-plaza-finance,repo=2024-12-plaza-finance,audit_events_sherlock.csv
plaza-finance,sherlock,Sherlock,,2024-12-15T00:00:00Z,https://github.com/sherlock-audit/2024-12-plaza-finance-judging,repo=2024-12-plaza-finance-judging,audit_events_sherlock.csv
seda-protocol,sherlock,Sherlock,,2024-12-15T00:00:00Z,https://github.com/sherlock-audit/2024-12-seda-protocol,repo=2024-12-seda-protocol,audit_events_sherlock.csv
seda-protocol,sherlock,Sherlock,,2024-12-15T00:00:00Z,https://github.com/sherlock-audit/2024-12-seda-protocol-judging,repo=2024-12-seda-protocol-judging,audit_events_sherlock.csv
ethos-update,sherlock,Sherlock,,2024-12-15T00:00:00Z,https://github.com/sherlock-audit/2024-12-ethos-update,repo=2024-12-ethos-update,audit_events_sherlock.csv
ethos-update,sherlock,Sherlock,,2024-12-15T00:00:00Z,https://github.com/sherlock-audit/2024-12-ethos-update-judging,repo=2024-12-ethos-update-judging,audit_events_sherlock.csv
aave-v3-3,sherlock,Sherlock,,2025-01-15T00:00:00Z,https://github.com/sherlock-audit/2025-01-aave-v3-3,repo=2025-01-aave-v3-3,audit_events_sherlock.csv
aave-v3-3,sherlock,Sherlock,,2025-01-15T00:00:00Z,https://github.com/sherlock-audit/2025-01-aave-v3-3-judging,repo=2025-01-aave-v3-3-judging,audit_events_sherlock.csv
peapods-finance,sherlock,Sherlock,,2025-01-15T00:00:00Z,https://github.com/sherlock-audit/2025-01-peapods-finance,repo=2025-01-peapods-finance,audit_events_sherlock.csv
peapods-finance,sherlock,Sherlock,,2025-01-15T00:00:00Z,https://github.com/sherlock-audit/2025-01-peapods-finance-judging,repo=2025-01-peapods-finance-judging,audit_events_sherlock.csv
perennial-v2-4-update,sherlock,Sherlock,,2025-01-15T00:00:00Z,https://github.com/sherlock-audit/2025-01-perennial-v2-4-update,repo=2025-01-perennial-v2-4-update,audit_events_sherlock.csv
perennial-v2-4-update,sherlock,Sherlock,,2025-01-15T00:00:00Z,https://github.com/sherlock-audit/2025-01-perennial-v2-4-update-judging,repo=2025-01-perennial-v2-4-update-judging,audit_events_sherlock.csv
rova,sherlock,Sherlock,,2025-02-15T00:00:00Z,https://github.com/sherlock-audit/2025-02-rova,repo=2025-02-rova,audit_events_sherlock.csv
rova,sherlock,Sherlock,,2025-02-15T00:00:00Z,https://github.com/sherlock-audit/2025-02-rova-judging,repo=2025-02-rova-judging,audit_events_sherlock.csv
yieldoor,sherlock,Sherlock,,2025-02-15T00:00:00Z,https://github.com/sherlock-audit/2025-02-yieldoor,repo=2025-02-yieldoor,audit_events_sherlock.csv
yieldoor,sherlock,Sherlock,,2025-02-15T00:00:00Z,https://github.com/sherlock-audit/2025-02-yieldoor-judging,repo=2025-02-yieldoor-judging,audit_events_sherlock.csv
symm-io-stacking,sherlock,Sherlock,,2025-03-15T00:00:00Z,https://github.com/sherlock-audit/2025-03-symm-io-stacking,repo=2025-03-symm-io-stacking,audit_events_sherlock.csv
symm-io-stacking,sherlock,Sherlock,,2025-03-15T00:00:00Z,https://github.com/sherlock-audit/2025-03-symm-io-stacking-judging,repo=2025-03-symm-io-stacking-judging,audit_events_sherlock.csv
pinlink-rwa-tokenized-depin-marketplace,sherlock,Sherlock,,2025-03-15T00:00:00Z,https://github.com/sherlock-audit/2025-03-pinlink-rwa-tokenized-depin-marketplace,repo=2025-03-pinlink-rwa-tokenized-depin-marketplace,audit_events_sherlock.csv
pinlink-rwa-tokenized-depin-marketplace,sherlock,Sherlock,,2025-03-15T00:00:00Z,https://github.com/sherlock-audit/2025-03-pinlink-rwa-tokenized-depin-marketplace-judging,repo=2025-03-pinlink-rwa-tokenized-depin-marketplace-judging,audit_events_sherlock.csv
crestal-network,sherlock,Sherlock,,2025-03-15T00:00:00Z,https://github.com/sherlock-audit/2025-03-crestal-network,repo=2025-03-crestal-network,audit_events_sherlock.csv
crestal-network,sherlock,Sherlock,,2025-03-15T00:00:00Z,https://github.com/sherlock-audit/2025-03-crestal-network-judging,repo=2025-03-crestal-network-judging,audit_events_sherlock.csv
burve,sherlock,Sherlock,,2025-04-15T00:00:00Z,https://github.com/sherlock-audit/2025-04-burve,repo=2025-04-burve,audit_events_sherlock.csv
burve,sherlock,Sherlock,,2025-04-15T00:00:00Z,https://github.com/sherlock-audit/2025-04-burve-judging,repo=2025-04-burve-judging,audit_events_sherlock.csv
pareto,sherlock,Sherlock,,2025-04-15T00:00:00Z,https://github.com/sherlock-audit/2025-04-pareto-contest,repo=2025-04-pareto-contest,audit_events_sherlock.csv
pareto,sherlock,Sherlock,,2025-04-15T00:00:00Z,https://github.com/sherlock-audit/2025-04-pareto-contest-judging,repo=2025-04-pareto-contest-judging,audit_events_sherlock.csv
aegis-op-grant,sherlock,Sherlock,,2025-04-15T00:00:00Z,https://github.com/sherlock-audit/2025-04-aegis-op-grant,repo=2025-04-aegis-op-grant,audit_events_sherlock.csv
aegis-op-grant,sherlock,Sherlock,,2025-04-15T00:00:00Z,https://github.com/sherlock-audit/2025-04-aegis-op-grant-judging,repo=2025-04-aegis-op-grant-judging,audit_events_sherlock.csv
layeredge,sherlock,Sherlock,,2025-05-15T00:00:00Z,https://github.com/sherlock-audit/2025-05-layeredge,repo=2025-05-layeredge,audit_events_sherlock.csv
layeredge,sherlock,Sherlock,,2025-05-15T00:00:00Z,https://github.com/sherlock-audit/2025-05-layeredge-judging,repo=2025-05-layeredge-judging,audit_events_sherlock.csv
yearn-ybold,sherlock,Sherlock,,2025-05-15T00:00:00Z,https://github.com/sherlock-audit/2025-05-yearn-ybold,repo=2025-05-yearn-ybold,audit_events_sherlock.csv
yearn-ybold,sherlock,Sherlock,,2025-05-15T00:00:00Z,https://github.com/sherlock-audit/2025-05-yearn-ybold-judging,repo=2025-05-yearn-ybold-judging,audit_events_sherlock.csv
lend,sherlock,Sherlock,,2025-05-15T00:00:00Z,https://github.com/sherlock-audit/2025-05-lend-audit-contest,repo=2025-05-lend-audit-contest,audit_events_sherlock.csv
lend,sherlock,Sherlock,,2025-05-15T00:00:00Z,https://github.com/sherlock-audit/2025-05-lend-audit-contest-judging,repo=2025-05-lend-audit-contest-judging,audit_events_sherlock.csv
dodo-cross-chain-dex,sherlock,Sherlock,,2025-05-15T00:00:00Z,https://github.com/sherlock-audit/2025-05-dodo-cross-chain-dex,repo=2025-05-dodo-cross-chain-dex,audit_events_sherlock.csv
dodo-cross-chain-dex,sherlock,Sherlock,,2025-05-15T00:00:00Z,https://github.com/sherlock-audit/2025-05-dodo-cross-chain-dex-judging,repo=2025-05-dodo-cross-chain-dex-judging,audit_events_sherlock.csv
superfluid-locker-system,sherlock,Sherlock,,2025-06-15T00:00:00Z,https://github.com/sherlock-audit/2025-06-superfluid-locker-system,repo=2025-06-superfluid-locker-system,audit_events_sherlock.csv
superfluid-locker-system,sherlock,Sherlock,,2025-06-15T00:00:00Z,https://github.com/sherlock-audit/2025-06-superfluid-locker-system-judging,repo=2025-06-superfluid-locker-system-judging,audit_events_sherlock.csv
symbiotic-relay,sherlock,Sherlock,,2025-06-15T00:00:00Z,https://github.com/sherlock-audit/2025-06-symbiotic-relay,repo=2025-06-symbiotic-relay,audit_events_sherlock.csv
symbiotic-relay,sherlock,Sherlock,,2025-06-15T00:00:00Z,https://github.com/sherlock-audit/2025-06-symbiotic-relay-judging,repo=2025-06-symbiotic-relay-judging,audit_events_sherlock.csv
notional-exponent,sherlock,Sherlock,,2025-06-15T00:00:00Z,https://github.com/sherlock-audit/2025-06-notional-exponent,repo=2025-06-notional-exponent,audit_events_sherlock.csv
notional-exponent,sherlock,Sherlock,,2025-06-15T00:00:00Z,https://github.com/sherlock-audit/2025-06-notional-exponent-judging,repo=2025-06-notional-exponent-judging,audit_events_sherlock.csv
debank,sherlock,Sherlock,,2025-07-15T00:00:00Z,https://github.com/sherlock-audit/2025-07-debank,repo=2025-07-debank,audit_events_sherlock.csv
debank,sherlock,Sherlock,,2025-07-15T00:00:00Z,https://github.com/sherlock-audit/2025-07-debank-judging,repo=2025-07-debank-judging,audit_events_sherlock.csv
cap,sherlock,Sherlock,,2025-07-15T00:00:00Z,https://github.com/sherlock-audit/2025-07-cap,repo=2025-07-cap,audit_events_sherlock.csv
cap,sherlock,Sherlock,,2025-07-15T00:00:00Z,https://github.com/sherlock-audit/2025-07-cap-judging,repo=2025-07-cap-judging,audit_events_sherlock.csv
mellow-flexible-vaults,sherlock,Sherlock,,2025-07-15T00:00:00Z,https://github.com/sherlock-audit/2025-07-mellow-flexible-vaults,repo=2025-07-mellow-flexible-vaults,audit_events_sherlock.csv
mellow-flexible-vaults,sherlock,Sherlock,,2025-07-15T00:00:00Z,https://github.com/sherlock-audit/2025-07-mellow-flexible-vaults-judging,repo=2025-07-mellow-flexible-vaults-judging,audit_events_sherlock.csv
malda,sherlock,Sherlock,,2025-07-15T00:00:00Z,https://github.com/sherlock-audit/2025-07-malda,repo=2025-07-malda,audit_events_sherlock.csv
malda,sherlock,Sherlock,,2025-07-15T00:00:00Z,https://github.com/sherlock-audit/2025-07-malda-judging,repo=2025-07-malda-judging,audit_events_sherlock.csv
allbridge-core-yield,sherlock,Sherlock,,2025-07-15T00:00:00Z,https://github.com/sherlock-audit/2025-07-allbridge-core-yield,repo=2025-07-allbridge-core-yield,audit_events_sherlock.csv
allbridge-core-yield,sherlock,Sherlock,,2025-07-15T00:00:00Z,https://github.com/sherlock-audit/2025-07-allbridge-core-yield-judging,repo=2025-07-allbridge-core-yield-judging,audit_events_sherlock.csv
oku-trade-order-types,sherlock,Sherlock,,2025-07-15T00:00:00Z,https://github.com/sherlock-audit/2025-07-oku-trade-order-types,repo=2025-07-oku-trade-order-types,audit_events_sherlock.csv
oku-trade-order-types,sherlock,Sherlock,,2025-07-15T00:00:00Z,https://github.com/sherlock-audit/2025-07-oku-trade-order-types-judging,repo=2025-07-oku-trade-order-types-judging,audit_events_sherlock.csv
